{
  "crypto": {
    "Crypto (btc / eth)": [
      {
        "symbol": "BINANCE:BTCUSDT",
        "current": 113875.28,
        "high": 115875.84,
        "low": 112566.01,
        "open": 115200.01,
        "prev_close": 115200,
        "timestamp": 1755680550,
        "type": "crypto"
      },
      {
        "symbol": "BINANCE:ETHUSDT",
        "current": 4226.33,
        "high": 4340.15,
        "low": 4060,
        "open": 4256.2,
        "prev_close": 4256.19,
        "timestamp": 1755680550,
        "type": "crypto"
      }
    ],
    "Alt coin": [
      {
        "symbol": "BINANCE:SOLUSDT",
        "current": 181.7,
        "high": 183.42,
        "low": 175.69,
        "open": 180.52,
        "prev_close": 180.53,
        "timestamp": 1755680550,
        "type": "crypto"
      },
      {
        "symbol": "BINANCE:XRPUSDT",
        "current": 2.9023,
        "high": 3.038,
        "low": 2.8488,
        "open": 3.0052,
        "prev_close": 3.0052,
        "timestamp": 1755680550,
        "type": "crypto"
      },
      {
        "symbol": "BINANCE:ADAUSDT",
        "current": 0.858,
        "high": 0.9597,
        "low": 0.8429,
        "open": 0.9241,
        "prev_close": 0.9242,
        "timestamp": 1755680550,
        "type": "crypto"
      }
    ]
  },
  "futures": [],
  "stocks": [],
  "forex": [
    {
      "symbol": "EUR/USD",
      "current": 1.1643,
      "high": null,
      "low": null,
      "open": null,
      "prev_close": null,
      "timestamp": 1755673830,
      "type": "forex"
    },
    {
      "symbol": "USD/JPY",
      "current": 147.362,
      "high": null,
      "low": null,
      "open": null,
      "prev_close": null,
      "timestamp": 1755673830,
      "type": "forex"
    },
    {
      "symbol": "GBP/USD",
      "current": 1.3496,
      "high": null,
      "low": null,
      "open": null,
      "prev_close": null,
      "timestamp": 1755673830,
      "type": "forex"
    },
    {
      "symbol": "AUD/USD",
      "current": 0.6447,
      "high": null,
      "low": null,
      "open": null,
      "prev_close": null,
      "timestamp": 1755673830,
      "type": "forex"
    },
    {
      "symbol": "USD/VND",
      "current": 26320.0,
      "high": null,
      "low": null,
      "open": null,
      "prev_close": null,
      "timestamp": 1755673830,
      "type": "forex"
    }
  ],
  "metals": {
    "Gold & Silver": [
      {
        "symbol": "XAUUSD",
        "current": 3337.66
      },
      {
        "symbol": "XAGUSD",
        "current": 38.05
      }
    ]
  }
}