Danh mục,Danh mục con
Tài sản an toàn,Gửi ngân hàng
Tài sản an toàn,Đầu tư vàng
Tài sản an toàn,Đầu tư bạc
Cổ phiếu,Cổ phiếu
Trái phiếu,Trái phiếu doanh nghiệp
Quỹ đầu tư,Quỹ cổ phiếu
Quỹ đầu tư,Quỹ trái phiếu
Quỹ đầu tư,Quỹ cân bằng (hỗn hợp)
Crypto và blockchain,Crypto (BTC/ETH)
Crypto và blockchain,Altcoin
Hợp đồng phái sinh,Hợp đồng tương lai
Hợp đồng phái sinh,Chứng quyền có bảo đảm (CW)
Bất động sản,Bất động sản
