Danh mục,Criteria Estimated,Risk Estimated,Description,Place
Gửi ngân hàng,5 - 7% (1 năm),Thấp,"Hình thức an toàn nhất, bạn gửi tiền vào ngân hàng và nhận lãi hàng tháng hoặc năm. Không lo mất tiền, nhưng lợi nhuận thấp.","Vietcombank, Techcombank, MB Bank"
Cổ phiếu,6 - 7% (1 năm),Trung bình,"	Đầu tư vào các công ty lớn, ổn định. Phù hợp với người muốn lợi nhuận tốt hơn gửi ngân hàng nhưng vẫn an toàn tương đối.","SSI, VNDirect, VPS"
Trái phiếu,5 - 10% (1 năm),Trunh bình - cao,"Cổ phiếu doanh nghiệp nhỏ hơn, tiềm năng tăng trưởng cao nhưng cần theo dõi thị trường thường xuyên.","SSI, HSC, MBS"
Quỹ cổ phiếu,5 - 6% (1 năm),Trung bình,"Gửi tiền vào quỹ, chuyên gia sẽ đầu tư giúp bạn. Phù hợp với người bận rộn nhưng vẫn muốn tham gia chứng khoán.","VinaCapital, Dragon Capital, SSIAM"
Quỹ trái phiếu,6 - 8% (1 năm),Thấp,"Quỹ này đầu tư vào trái phiếu, giúp tăng trưởng ổn định và ít biến động.","TCBF (Techcombank), DCIP (Dragon Capital), VNDBF (VNDirect)"
Quỹ hỗn hợp cân bằng,7 - 12% (1 năm),Trung bình,"Kết hợp cổ phiếu và trái phiếu, giúp cân bằng lợi nhuận và rủi ro. Phù hợp với người chưa có kinh nghiệm đầu tư.","VCBF, VinaCapital, SSIAM"
"Crypto (btc / eth)",-30% đến 50% (1 năm),Cao,"Tiền điện tử có tiềm năng sinh lời cao nhưng giá biến động mạnh. Nên phân bổ một phần nhỏ vốn thay vì đầu tư toàn bộ.","Binance, Remitano, ONUS"
Alt coin,-50% đến 100% (1 năm),Rất cao,"Đầu tư vào các đồng tiền số khác ngoài Bitcoin & Ethereum, thích hợp cho người hiểu rõ thị trường.","Binance, KuCoin, OKX"
Hợp đồng tương lai,-20% đến 40% (1 năm),Cao,"Công cụ giúp bạn kiếm lợi nhuận dựa trên dự đoán giá của tài sản (chứng khoán, hàng hóa...). Cần có chiến lược rõ ràng.","VNDirect, SSI, VPS"
Chứng quyền có bảo đảm (CW),-50% đến 200% (1 năm),Rất cao,"Hình thức đầu tư chuyên sâu, giúp tối ưu hóa lợi nhuận nhưng cần kinh nghiệm và hiểu rõ thị trường.","Binance Options, Deribit, CME Group"
Đầu tư vàng,3 - 8% (1 năm),Thấp - Trung bình,"Vàng là tài sản tích lũy an toàn, giúp bảo vệ tài sản khi kinh tế biến động.","SJC, PNJ, VNGLD"
Đầu tư bạc,5 - 15% (1 năm),Trung bình - Cao,"Bạc có tiềm năng tăng giá trong dài hạn, phù hợp với người muốn đa dạng danh mục đầu tư.","Forex4you, XM, Interactive Brokers"
Bất động sản,8 - 15% (1 năm), Trung bình - Cao,"Đầu tư vào đất, nhà hoặc chung cư. Phù hợp với người có nguồn vốn lớn và kiên nhẫn chờ lợi nhuận.","Vinhomes, Novaland, Đất Xanh Group"