Danh mục,Criteria Estimated,Risk Estimated
Gửi ngân hàng,Trung bình,Trung bình
Cổ phiếu,Thấp,Trung bình
Trái phiếu doanh nghiệp,Trung bình,Thấp
Quỹ cổ phiếu,Trung bình,Trung bình
Quỹ trái phiếu,Trung bình,Trung bình
Quỹ cân bằng (hỗn hợp),Trung bình,Trung bình
Crypto (BTC/ETH),Trung bình,Trung bình
Altcoin,Cao,Cao
Hợp đồng tương lai (phái sinh),Trung bình,Thấp
Chứng quyền có bảo đảm (CW),Trung bình,Trung bình
Đầu tư vàng,Thấp,Thấp
Đầu tư bạc,Thấp,Thấp
Bất động sản,Thấp,Trung bình
