﻿STT,Mã CW,Giá đóng cửa,Thay đổi,Tỷ lệ chuyển đổi,Giá thực hiện,Chứng khoán cơ sở,Tổ chức phát hành,Loại CW,Kiểu thực hiện,Ngày GDĐT,Ngày GDCC,Trạng thái
1,CACB2502,"3,730",-350 (-8.58%),1.6712 : 1,"23,397",ACB,SSI,Mua,Châu Âu,22/01/2025,24/03/2026,Bình thường
2,CACB2503,"3,530",-270 (-7.11%),1.6712 : 1,"22,562",ACB,SSI,Mua,Châu Âu,22/01/2025,23/10/2025,Bình thường
3,CACB2505,"2,620",-60 (-2.24%),2.5068 : 1,"21,977",ACB,BSI,Mua,Châu Âu,10/02/2025,07/10/2025,Bình thường
4,CACB2507,"4,450",-260 (-5.52%),1.67 : 1,"20,890",ACB,SSI,Mua,Châu Âu,16/06/2025,10/10/2025,Bình thường
5,CACB2508,"4,090",-320 (-7.26%),1.67 : 1,"21,726",ACB,SSI,Mua,Châu Âu,16/06/2025,11/12/2025,Bình thường
6,CACB2509,"2,800",-50 (-1.75%),3 : 1,"20,500",ACB,VPBankS,Mua,Châu Âu,11/07/2025,21/01/2026,Bình thường
7,CACB2510,"3,900",-120 (-2.99%),2 : 1,"22,500",ACB,SSI,Mua,Châu Âu,17/07/2025,19/06/2026,Bình thường
8,CACB2511,"3,850",-370 (-8.77%),2 : 1,"23,000",ACB,SSI,Mua,Châu Âu,17/07/2025,19/06/2026,Bình thường
9,CFPT2404,890,-20 (-2.20%),12.8507 : 1,"103,634",FPT,ACBS,Mua,Châu Âu,09/12/2024,31/10/2025,Bình thường
10,CFPT2502,200,-10 (-4.76%),8.6246 : 1,"146,619",FPT,SSI,Mua,Châu Âu,22/01/2025,23/10/2025,Bình thường
