{
  "crypto": {
    "Crypto (btc / eth)": [
      {
        "symbol": "BINANCE:BTCUSDT",
        "current": 113912.4,
        "high": 115875.84,
        "low": 112566.01,
        "open": 115213.35,
        "prev_close": 115213.35,
        "timestamp": 1755680474,
        "type": "crypto"
      },
      {
        "symbol": "BINANCE:ETHUSDT",
        "current": 4231.35,
        "high": 4340.15,
        "low": 4060,
        "open": 4257.12,
        "prev_close": 4257.13,
        "timestamp": 1755680474,
        "type": "crypto"
      }
    ],
    "Alt coin": [
      {
        "symbol": "BINANCE:SOLUSDT",
        "current": 181.67,
        "high": 183.42,
        "low": 175.69,
        "open": 180.46,
        "prev_close": 180.45,
        "timestamp": 1755680474,
        "type": "crypto"
      },
      {
        "symbol": "BINANCE:XRPUSDT",
        "current": 2.9037,
        "high": 3.038,
        "low": 2.8488,
        "open": 3.0087,
        "prev_close": 3.0087,
        "timestamp": 1755680474,
        "type": "crypto"
      },
      {
        "symbol": "BINANCE:ADAUSDT",
        "current": 0.8596,
        "high": 0.9597,
        "low": 0.8429,
        "open": 0.9253,
        "prev_close": 0.9253,
        "timestamp": 1755680474,
        "type": "crypto"
      }
    ]
  },
  "futures": [],
  "stocks": [],
  "metals": {
    "Gold & Silver": [
      {
        "symbol": "XAUUSD",
        "current": 3337.66
      },
      {
        "symbol": "XAGUSD",
        "current": 38.05
      }
    ]
  }
}