{
  "crypto": {
    "Crypto (btc / eth)": [
      {
        "symbol": "BINANCE:BTCUSDT",
        "current": 114560.48,
        "high": 115716,
        "low": 113355.13,
        "open": 113397.13,
        "prev_close": 113397.13,
        "volume": 415.25662,
        "timestamp": 1754540201
      },
      {
        "symbol": "BINANCE:ETHUSDT",
        "current": 3664.36,
        "high": 3716.61,
        "low": 3569.28,
        "open": 3573.04,
        "prev_close": 3573.03,
        "volume": 232614.5245,
        "timestamp": 1754540201
      }
    ],
    "Alt coin": [
      {
        "symbol": "BINANCE:SOLUSDT",
        "current": 167.25,
        "high": 169.93,
        "low": 161.4,
        "open": 161.41,
        "prev_close": 161.4,
        "volume": 1476353.84,
        "timestamp": 1754540201
      },
      {
        "symbol": "BINANCE:XRPUSDT",
        "current": 2.9747,
        "high": 3.0187,
        "low": 2.9014,
        "open": 2.9064,
        "prev_close": 2.9064,
        "volume": 132072873.2,
        "timestamp": 1754540201
      },
      {
        "symbol": "BINANCE:ADAUSDT",
        "current": 0.7361,
        "high": 0.748,
        "low": 0.7109,
        "open": 0.7115,
        "prev_close": 0.7114,
        "volume":  81605359.7,
        "timestamp": 1754540201
      }
    ]
  },
  "futures": [
    {
      "symbol": "ES=F",
      "current": 6387.75,
      "high": 6391.5,
      "low": 6364.25,
      "open": 6371.0,
      "prev_close": 0,
      "timestamp": 1754452800,
      "type": "futures"
    },
    {
      "symbol": "NQ=F",
      "current": 23490.0,
      "high": 23511.25,
      "low": 23384.5,
      "open": 23418.5,
      "prev_close": 0,
      "timestamp": 1754452800,
      "type": "futures"
    },
    {
      "symbol": "CL=F",
      "current": 64.96,
      "high": 65.08,
      "low": 64.26,
      "open": 64.36,
      "prev_close": 0,
      "timestamp": 1754539200,
      "type": "futures"
    },
    {
      "symbol": "GC=F",
      "current": 3444.5,
      "high": 3447.0,
      "low": 3430.0,
      "open": 3431.8,
      "prev_close": 0,
      "timestamp": 1754539200,
      "type": "futures"
    },
    {
      "symbol": "SI=F",
      "current": 38.17,
      "high": 38.17,
      "low": 37.94,
      "open": 37.94,
      "prev_close": 0,
      "timestamp": 1754539200,
      "type": "futures"
    }
  ],
  "stocks": [
    {
      "symbol": "VNM.VN",
      "current": 61100.0,
      "high": 62000.0,
      "low": 61100.0,
      "open": 61900.0,
      "prev_close": 0,
      "timestamp": 1754499600,
      "type": "stocks"
    },
    {
      "symbol": "VIC.VN",
      "current": 116600.0,
      "high": 122000.0,
      "low": 116600.0,
      "open": 118500.0,
      "prev_close": 0,
      "timestamp": 1754499600,
      "type": "stocks"
    },
    {
      "symbol": "HPG.VN",
      "current": 27500.0,
      "high": 27800.0,
      "low": 27000.0,
      "open": 27350.0,
      "prev_close": 0,
      "timestamp": 1754499600,
      "type": "stocks"
    },
    {
      "symbol": "FPT.VN",
      "current": 105600.0,
      "high": 107400.0,
      "low": 105400.0,
      "open": 105600.0,
      "prev_close": 0,
      "timestamp": 1754499600,
      "type": "stocks"
    },
    {
      "symbol": "MWG.VN",
      "current": 72300.0,
      "high": 72800.0,
      "low": 71600.0,
      "open": 72700.0,
      "prev_close": 0,
      "timestamp": 1754499600,
      "type": "stocks"
    }
  ],
  "forex": [
    {
      "symbol": "EUR/USD",
      "current": 1.1673,
      "high": null,
      "low": null,
      "open": null,
      "prev_close": null,
      "timestamp": 1754540215
    },
    {
      "symbol": "USD/JPY",
      "current": 147.465,
      "high": null,
      "low": null,
      "open": null,
      "prev_close": null,
      "timestamp": 1754540215
    },
    {
      "symbol": "GBP/USD",
      "current": 1.3364,
      "high": null,
      "low": null,
      "open": null,
      "prev_close": null,
      "timestamp": 1754540215
    },
    {
      "symbol": "AUD/USD",
      "current": 0.6515,
      "high": null,
      "low": null,
      "open": null,
      "prev_close": null,
      "timestamp": 1754540215
    },
    {
      "symbol": "USD/VND",
      "current": 26215.0,
      "high": null,
      "low": null,
      "open": null,
      "prev_close": null,
      "timestamp": 1754540215
    }
  ],
  "metals": {
    "Gold & Silver": [
      {
        "symbol": "XAUUSD",
        "current": 3382.48
      },
      {
        "symbol": "XAGUSD",
        "current": 37.8
      }
    ]
  }
}