{
  "crypto": {
    "Crypto (btc / eth)": [
      {
        "symbol": "BINANCE:BTCUSDT",
        "current": 113611.84,
        "high": 115875.84,
        "low": 112566.01,
        "open": 114835.82,
        "prev_close": 114835.81,
        "timestamp": 1755675941,
        "type": "crypto"
      },
      {
        "symbol": "BINANCE:ETHUSDT",
        "current": 4190,
        "high": 4340.15,
        "low": 4060,
        "open": 4227.02,
        "prev_close": 4227.02,
        "timestamp": 1755675941,
        "type": "crypto"
      }
    ],
    "Alt coin": [
      {
        "symbol": "BINANCE:SOLUSDT",
        "current": 180.8,
        "high": 183.42,
        "low": 175.69,
        "open": 179.47,
        "prev_close": 179.48,
        "timestamp": 1755675941,
        "type": "crypto"
      },
      {
        "symbol": "BINANCE:XRPUSDT",
        "current": 2.8748,
        "high": 3.038,
        "low": 2.8488,
        "open": 2.9974,
        "prev_close": 2.9974,
        "timestamp": 1755675941,
        "type": "crypto"
      },
      {
        "symbol": "BINANCE:ADAUSDT",
        "current": 0.8491,
        "high": 0.9597,
        "low": 0.8429,
        "open": 0.9217,
        "prev_close": 0.9216,
        "timestamp": 1755675941,
        "type": "crypto"
      }
    ]
  },
  "futures": [],
  "stocks": [],
  "metals": {
    "Gold & Silver": [
      {
        "symbol": "XAUUSD",
        "current": 3337.66
      },
      {
        "symbol": "XAGUSD",
        "current": 38.05
      }
    ]
  }
}