Danh mục,Các mục thay thế
Gửi ngân hàng,"Quỹ trái phiếu, Quỹ hỗn hợp cân bằng"
Cổ phiếu top thị trường,"Quỹ cổ phiếu, Crypto (BTC / ETH)"
Cổ phiếu không thuộc top,"Quỹ cổ phiếu, Cổ phiếu top thị trường"
Quỹ cổ phiếu,"Cổ phiếu top thị trường, Cổ phiếu không thuộc top"
Quỹ trái phiếu,"Gửi ngân hàng, Quỹ hỗn hợp cân bằng"
Quỹ hỗn hợp cân bằng,"Quỹ cổ phiếu, Quỹ trái phiếu"
Crypto (BTC / ETH),"Alt coin, Hợp đồng quyền chọn"
Alt coin,"Crypto (BTC / ETH), Hợp đồng tương lai"
Hợp đồng tương lai,"Hợp đồng quyền chọn, Crypto (BTC / ETH)"
Hợp đồng quyền chọn,"Hợp đồng tương lai, Alt coin"
Đầu tư vàng,"Đầu tư bạc, Quỹ cổ phiếu"
Đầu tư bạc,"Đầu tư vàng, Quỹ trái phiếu"
Bất động sản,"Cổ phiếu top thị trường, Cổ phiếu không thuộc top"